conversation_id	richness	patient_style	status
synth_471	scurt_rar	tacut	ok
synth_481	scurt_rar	tacut	ok
synth_493	scurt_rar	tacut	ok
synth_462	scurt_rar	tacut	ok
synth_473	scurt_rar	tacut	ok
synth_492	scurt_rar	tacut	ok
synth_463	scurt_rar	tacut	ok
synth_494	scurt_rar	tacut	ok
synth_482	scurt_rar	tacut	ok
synth_504	scurt_rar	tacut	ok
synth_474	scurt_rar	tacut	ok
synth_491	scurt_rar	tacut	ok
synth_466	scurt_rar	vorbaret	ok
synth_472	scurt_rar	tacut	ok
synth_511	scurt_rar	tacut	ok
synth_475	scurt_rar	vorbaret	ok
synth_464	scurt_rar	tacut	ok
synth_486	scurt_rar	vorbaret	ok
synth_465	scurt_rar	vorbaret	ok
synth_502	scurt_rar	tacut	ok
synth_506	scurt_rar	vorbaret	ok
synth_495	scurt_rar	vorbaret	ok
synth_484	scurt_rar	tacut	ok
synth_468	detaliat_lung	vag	ok
synth_496	scurt_rar	vorbaret	ok
synth_476	scurt_rar	vorbaret	ok
synth_477	detaliat_lung	vorbaret	ok
synth_498	detaliat_lung	vag	ok
synth_505	scurt_rar	vorbaret	ok
synth_499	detaliat_lung	vag	ok
synth_467	detaliat_lung	vorbaret	ok
synth_488	detaliat_lung	vag	ok
synth_469	detaliat_lung	vag	ok
synth_478	detaliat_lung	vag	ok
synth_509	detaliat_lung	vag	ok
synth_497	detaliat_lung	vorbaret	ok
synth_489	detaliat_lung	vag	ok
synth_487	detaliat_lung	vorbaret	ok
synth_507	detaliat_lung	vorbaret	ok
synth_479	detaliat_lung	vag	ok
synth_470	detaliat_lung	anxios	ok
synth_490	detaliat_lung	anxios	ok
synth_508	detaliat_lung	vag	ok
synth_500	detaliat_lung	anxios	ok
